{"params": {"activation_function": "tanh", "epochs": 10, "batch_size": 16, "learning_rate": 0.01, "num_neurons": [32], "num_hidden_layers": 1, "optimizer": "minibatch-gd"}, "weights": [[[-0.01649952291670351, 0.024941476056474444, 0.05776870718435917, 0.44942679773383865, 0.1436254397596638, 0.027828967526682697, 0.3251936025353296, 0.09109479441999815, -0.17560394136507135, -0.15842518489626858, -0.03881552279640748, -0.2986214392530206, -0.033897784429966334, 0.37006863997357825, -0.26019656640674305, -0.05434899788716267, -0.14872206982669417, -0.37177326443217656, -0.22991717844050003, -0.055381524099720005, 0.38262681544801613, -0.05055075034638657, 0.13337843558122037, -0.5259568663338556, -0.7779572207217935, 0.7108518269714774, 0.16943368593041735, 0.2921194563156882, -0.002904827605958579, -0.03914719200678054, -0.3314863983886841, 0.06281652922218779], [-0.05151456047206405, -0.49900007534657936, 0.1675265601118313, -0.10871706474237042, -0.43496099468277777, 0.20367733435928453, -0.29792458266714184, 0.05665203523522968, -0.5424381694497404, 0.10355937419885444, 0.4873468541355727, 0.2838209302962437, -0.752803985365567, 0.010830552984597678, -0.27185395324608036, 0.4571427723710626, -0.19535156578383286, -0.05085102128204266, 0.23785968460666804, 0.07454350088557592, 0.24406532891855723, -0.4109466039565983, -0.3276268207918606, 0.1629197842829775, 0.4482435674619317, -0.23668203150468942, -0.18962140267679392, 0.7081823711139691, 0.6954448740668573, 0.11250082095664843, -0.1985255926966939, 0.039135360320521465], [-0.10491132607262296, -0.06731049785376599, -0.12512187819874604, -0.477606430930098, 0.11578255877364337, 0.03131603764638841, -0.3883121867339163, 0.012274799787841772, 0.7177335359622806, -0.08789635122418767, -0.09466814958057646, -0.3099029377095149, -0.12211279121534653, -0.03106790908428722, -0.4149099913953346, 0.18192985857924113, 0.07442460844172924, -0.358574875413463, -0.44660610214183943, 0.2800010753199898, 0.22151540317274862, 0.2848722219782032, -0.6016683096906286, 0.06611360794360084, -0.31427868770913037, -0.004709880949780635, 0.3983876317133387, 0.1552838740932648, -0.07395262201799392, -0.1327967929921446, 0.13245017702890083, 0.4234310250984949], [-0.09742312805436534, -0.22490285523701653, 0.46038351605085087, -0.1830446650237845, 0.12397279500857648, -0.18397171316171052, -0.27838895041476885, 0.6595077616756094, -0.16810704396078185, -0.18526227448161642, 0.03235252323108304, -0.3879011655445718, 0.5246763353354427, 0.1526120158219108, 0.1189700883843523, -0.18296012984738128, 0.08101271913813166, 0.12075163563024575, -0.08304453280787795, -0.2970743732033886, 0.47861313385554133, -0.48344853323851517, -0.20167392685662144, 0.17992822059293484, 0.33279502965982605, -0.1694841939417906, 0.19301974328708538, -0.08144883672155308, 0.48725213189722705, -0.44573722628062634, -0.08013141562971465, 0.5733215229583161], [0.2262220082256839, -0.19268045492641503, 0.4771944831278138, 0.19279711302468933, -0.01062761672951478, -0.000931059358813287, 0.5481252662860225, -0.08161182624685201, -0.3468666341227622, 0.049316712334124664, 0.36032677147867076, -0.16604154462828144, -0.35449106540276454, -0.3337101709473307, 0.151379606783377, 0.24626232352502134, 0.30679988397934016, 0.026414346555461075, -0.17565227355043359, -0.21788701732880594, 0.21206791630865707, -0.16357218673060506, 0.47260493498301326, 0.08001132088948756, 0.3516371578196463, -0.21814461642209385, 0.13429938124765312, -0.3284397005123089, -0.20423580543824585, 0.34357489677213476, -0.10779464753486934, -0.06434978019930687], [0.3094370823575394, 0.23754621012587515, 0.290308211055771, 0.11865761209682119, -0.2839729040549812, -0.8192555746109891, -0.09011429770992023, 0.16463208900678575, -0.059630073257664354, 0.25198941145513687, 0.19473722764762963, 0.17812748934724038, 0.054426273208449116, 0.0488972509556162, -0.06625369325151487, 0.025236383938307457, -0.17803776475195418, 0.09080692463022033, 0.22636202593747065, -0.07948780170005691, 0.052755848044921984, 0.25857738951635517, 0.07928413172870365, 0.10612157938563735, -0.5117732695797231, -0.31015645777917916, -0.046040583052100986, -0.03322455800890267, 0.09886526776730169, 0.043563058180875164, 0.39564166320601274, 0.15829253940752527], [-0.03763201091510452, -0.5051864661052965, 0.5271424355148074, -0.6817830502822407, -0.22252209609161377, -0.05950127202144504, -0.781243861703503, -0.017098604900114143, 0.5182777819012134, 0.23555605392142603, 0.3774974772760246, -0.11713687041153312, -0.09144188145603419, -0.17284888864814757, -0.21401626781571992, -0.26597465929655545, 0.300140518790673, -0.12972742672008622, -0.20070551045242213, -0.15304358843442878, -0.5438983335607921, -0.0716249791571844, -0.03394042731695078, -0.37863124725923286, 0.03912919022528588, 0.08807111644022377, 0.05303358366456905, -0.14421471325218338, 0.4170014015322816, 0.20108464509692525, 0.5986940668729149, -0.16040643311105754], [0.07066614629425814, -0.02017347025869959, 0.03925314643791308, -0.5275642985138559, 0.4317640343558908, -0.3113197784414408, -0.07711783257080639, 0.4758228307822602, -0.361387778491594, 0.4187893507256522, 0.27236393118971775, -0.4257930805035844, -0.03165052081650707, -0.4298523343887713, 0.27302372529169044, 0.4325557582305583, 0.211874678364397, -0.24422745148370803, 0.2474148951655681, -0.32107754131577776, -0.55466926175237, -0.05131677495155744, 0.1596662505845222, -0.022243977444815925, 0.2669540475096882, 0.04034077202893367, -0.2548673197876488, -0.3753879003414015, 0.06475675843709774, -0.528863944526794, 0.5083316548856673, -0.05407619067517785], [0.13527277396832627, -0.03934263859667945, 0.0006439303425064314, -0.06763078574706002, -0.09871887984863421, 0.08327449855870049, 0.17482220453837663, 0.3990576661559964, -0.17715494638201887, -0.14183897341073043, -0.11241545300867059, -0.5035066314192634, -0.15679677435492118, 0.792663438418861, 0.13206264440976634, -0.4239005666546703, 0.624914209052916, -0.0011477800489896812, -0.15616485556919107, 0.18952118450138125, -0.4320286025537039, -0.27757911648553646, -0.2982345571570897, -0.46923853724646153, -0.2368550126136745, -0.16541737734635917, 0.06325418083405215, -0.19029048148722813, 0.015170487353501582, 0.03732212851347976, -0.0600254120384008, 0.4006606965600806], [-0.6322449153393043, -0.17099219808841123, -0.10602575793107609, -0.09182070229925256, 0.24854895517997422, 0.06309004686893911, -0.5791291655084203, -0.1730057396312369, -0.023693074174084592, -0.5829796285990376, 0.1755176773944636, -0.9247799315164134, -0.2586977762476752, 0.14367056733968936, 0.15422202467180904, 0.3439632406109834, 0.23426445566093276, -0.2545481958659541, 0.03208286249797823, 0.26359466153071537, 0.09526952492019847, -0.18360345820478569, 0.4746750778845748, -0.012534351462587018, 0.13071189404237699, -0.23519879278504308, 0.09013152502249568, -0.2991589001494497, 0.4854089382166597, -0.25398028192045824, -0.132322648299411, 0.2348768829062647], [-0.29277621617628563, -0.058672716905645274, 0.010858442065362848, 0.5171230718056646, 0.04695874796412278, 0.38019002338947183, 0.5043370955268414, 0.07320139319918322, 0.14648384742373088, 0.11570345550462732, 0.5342638979931368, -0.05148076511108071, 0.30518407822828403, 0.04249336041157541, -0.19400068437685344, 0.32980863481378925, -0.4121479349719857, 0.22150573070641258, -0.566495139374881, 0.17576835012569147, -0.6288690422701091, 0.09951263699426607, 0.21519346585908644, 0.08067623638191453, -0.17587871367115313, -0.14136594784650833, -0.07903757936234623, -0.17707877882323123, -0.013309569167139329, 0.03551273275182259, -0.20468710892102546, -0.10337767354001355]], [[-0.2640257522162584, 0.0928049507966465, -0.06508398555925128, -0.07206529567362756, -0.018927968836591386, -0.11462342807056045], [-0.11932945241008068, -0.1964212437555196, 0.03051091207896166, 0.057352930680810925, -0.28396277508444334, 0.1629302465406459], [0.23361237047341182, -0.0322850347214415, 